Date;HomeTeam;AwayTeam;HG;AG;HP;AP;HTS;ATS;HSI;ASI;HSO;ASO;HBS;ABS;HFK;AFK;HC;AC;HOFF;AOFF;HTI;ATI;HGS;AGS;HF;AF;HRC;ARC;HYC;AYC;HTP;ATP;HPC;APC;HT;AT;HA;AA;HDA;ADA
06.11.2022 19:00;Pereira;Junior; 4; 3;45%;55%;23;10;8;7;12;3;3;0;10;8;6;5;0;1;16;14;4;4;13;9;0;2;3;4;258;309;194;235;12;11;96;115;77;65
06.11.2022 16:00;Millonarios;Ind. Santa Fe; 1; 1;64%;36%;18;6;5;2;11;4;2;0;5;10;6;3;2;0;23;19;1;4;10;7;;;2;7;471;274;379;185;30;18;162;118;117;63
05.11.2022 19:30;Ind. Medellín;Dep. Pasto; 0; 0;62%;38%;22;7;1;2;15;1;6;4;10;17;6;2;1;2;16;11;2;1;15;12;;;4;5;510;316;441;234;9;14;126;85;92;44
05.11.2022 16:30;Aguilas Doradas;América de Cali; 2; 0;47%;53%;9;8;4;1;4;4;1;3;15;11;1;5;1;3;18;25;1;2;11;15;;;3;4;329;370;248;283;18;12;121;137;57;104
30.10.2022 16:00;Alianza Petrolera;Millonarios; 2; 4;47%;53%;7;16;5;7;2;4;0;5;3;11;3;8;1;0;15;18;3;3;14;5;;;4;0;339;363;270;289;13;15;75;76;41;56
30.10.2022 16:00;Atl. Bucaramanga;Pereira; 1; 3;66%;34%;14;10;1;5;10;5;3;0;8;7;6;1;1;1;30;17;2;0;8;8;1;0;3;3;443;232;357;152;11;18;103;78;43;23
30.10.2022 16:00;Atl. Nacional;La Equidad; 1; 1;51%;49%;22;8;8;1;9;4;5;3;10;13;5;1;1;1;23;19;0;7;13;12;;;0;1;421;391;355;328;15;13;92;99;58;45
30.10.2022 16:00;Cortuluá;Aguilas Doradas; 0; 0;47%;53%;9;14;4;4;4;9;1;1;9;6;7;7;0;1;13;12;4;4;7;13;;;0;4;335;375;250;287;13;16;78;83;67;64
30.10.2022 16:00;Dep. Pasto;Ind. Medellín; 0; 0;43%;57%;8;8;1;2;5;4;2;2;6;6;4;1;0;0;18;19;2;1;7;8;;;0;3;343;460;279;385;13;16;81;96;38;48
30.10.2022 16:00;Ind. Santa Fe;Once Caldas; 2; 1;62%;38%;10;8;4;5;3;2;3;1;19;9;5;2;2;3;13;25;4;2;8;18;;;2;1;341;208;265;124;9;20;100;86;60;49
30.10.2022 16:00;Jaguares de Córdoba;Junior; 0; 2;55%;45%;10;9;3;3;2;3;5;3;4;3;4;1;2;1;2;5;1;3;13;12;;;3;2;359;292;284;209;12;14;19;21;8;8
30.10.2022 16:00;U. Magdalena;América de Cali; 0; 0;51%;49%;13;5;4;1;7;2;2;2;15;7;4;2;1;1;16;21;1;4;10;18;1;0;3;5;325;301;219;206;17;16;108;93;72;52
29.10.2022 18:05;Deportivo Cali;Patriotas; 1; 0;55%;45%;21;5;4;3;10;2;7;0;11;23;15;4;3;3;10;15;3;3;20;14;;;7;2;318;268;244;185;12;12;87;93;67;37
29.10.2022 16:00;Envigado;Tolima; 1; 1;64%;36%;27;6;9;3;8;2;10;1;10;12;6;2;0;2;23;9;2;8;12;14;0;1;3;4;521;297;463;230;14;11;106;63;77;23
26.10.2022 20:00;Millonarios;Ind. Medellín; 1; 2;60%;40%;19;10;6;4;7;5;6;1;6;13;7;5;3;1;20;18;2;5;8;8;;;2;4;422;290;340;179;12;16;158;120;131;67
23.10.2022 20:15;Once Caldas;Alianza Petrolera; 1; 1;62%;38%;22;11;5;3;13;6;4;2;6;11;5;1;1;0;13;16;2;4;9;13;;;1;4;385;240;312;172;14;10;156;113;121;76
23.10.2022 18:10;Junior;Cortuluá; 2; 1;30%;70%;10;13;6;3;3;6;1;4;11;13;5;0;1;2;18;20;2;4;12;13;2;0;2;4;196;463;130;401;14;15;101;145;80;103
23.10.2022 16:05;Pereira;Atl. Nacional; 1; 1;49%;51%;17;12;2;4;11;5;4;3;6;10;3;7;0;1;13;10;3;1;11;8;1;0;2;2;401;426;332;347;17;13;127;139;78;91
23.10.2022 14:00;Patriotas;Atl. Bucaramanga; 3; 4;45%;55%;15;13;7;6;7;7;1;0;7;9;1;6;1;3;14;12;2;4;13;5;1;1;3;1;325;387;276;332;6;10;115;129;68;84
22.10.2022 20:15;Ind. Medellín;Jaguares de Córdoba; 0; 0;66%;34%;17;10;5;2;6;7;6;1;8;14;9;5;0;0;21;7;2;5;14;7;;;5;2;568;285;495;213;11;10;155;110;120;80
22.10.2022 18:10;Tolima;Millonarios; 1; 0;52%;48%;10;12;3;3;5;6;2;3;7;10;1;3;1;2;16;19;3;2;14;6;;;4;0;445;406;372;333;17;21;133;161;97;107
22.10.2022 16:05;América de Cali;Dep. Pasto; 4; 0;59%;41%;21;5;10;1;7;4;4;0;8;20;5;1;1;0;17;10;1;6;19;8;0;1;4;4;400;284;346;219;13;16;133;107;96;55
22.10.2022 14:00;Ind. Santa Fe;Deportivo Cali; 1; 0;46%;54%;8;8;5;3;2;3;1;2;15;21;3;4;4;5;20;30;3;4;19;12;;;2;4;292;343;209;262;19;17;119;139;69;88
21.10.2022 20:10;Aguilas Doradas;Envigado; 1; 0;52%;48%;20;10;7;3;12;6;1;1;11;8;9;7;1;2;17;22;3;6;7;10;;;2;2;347;328;265;254;14;9;129;131;107;104
21.10.2022 18:05;La Equidad;U. Magdalena; 4; 1;39%;61%;13;9;7;4;5;4;1;1;6;23;5;3;2;0;27;22;3;3;20;7;;;4;2;212;353;145;98;14;10;96;130;76;92
19.10.2022 20:05;Ind. Medellín;Atl. Bucaramanga; 1; 2;53%;47%;15;7;6;2;8;3;1;2;11;11;6;5;2;1;16;23;0;5;9;16;;;2;4;445;403;373;324;5;7;144;133;104;70
19.10.2022 18:00;Millonarios;Pereira; 0; 1;67%;33%;19;10;6;3;9;3;4;4;11;6;14;7;1;3;36;11;2;6;5;9;1;0;3;5;557;279;470;190;7;15;157;95;146;78
17.10.2022 19:40;Alianza Petrolera;América de Cali; 0; 2;55%;45%;19;24;5;7;9;10;5;7;9;7;5;7;2;2;21;21;5;5;11;7;;;2;0;384;306;317;231;7;15;122;125;81;101
17.10.2022 17:35;Deportivo Cali;Once Caldas; 1; 1;51%;49%;9;12;3;2;5;7;1;3;11;12;4;2;3;1;21;21;1;2;11;10;;;3;1;471;453;382;378;17;11;146;152;79;69
17.10.2022 15:30;Envigado;Junior; 2; 0;35%;65%;8;10;4;3;3;6;1;1;15;12;0;5;2;3;16;15;3;2;17;12;;;4;3;277;487;199;408;11;21;112;144;60;113
16.10.2022 20:15;Jaguares de Córdoba;Ind. Santa Fe; 2; 1;59%;41%;18;14;4;6;9;5;5;3;12;17;5;6;1;0;12;15;5;2;18;11;0;1;6;6;418;280;342;208;12;14;154;112;107;80
16.10.2022 18:10;Millonarios;Patriotas; 0; 0;71%;29%;18;6;0;2;11;3;7;1;7;9;3;1;0;3;20;12;2;0;8;5;;;1;1;623;251;546;185;17;22;7;4;6;1
16.10.2022 16:05;U. Magdalena;Pereira; 2; 0;39%;61%;8;6;2;1;5;4;1;1;21;6;3;4;0;4;13;15;1;0;6;18;;;2;3;313;465;226;382;12;21;128;148;74;87
16.10.2022 14:00;Cortuluá;Tolima; 0; 1;64%;36%;15;6;2;3;8;3;5;0;6;14;8;0;0;3;11;7;2;2;24;9;0;1;7;4;504;290;428;224;14;15;130;96;124;55
15.10.2022 20:10;Atl. Bucaramanga;La Equidad; 3; 1;51%;49%;21;10;8;3;6;5;7;2;7;4;1;6;0;3;24;33;2;5;4;4;;;0;1;404;365;305;274;13;12;154;148;95;107
15.10.2022 18:05;Dep. Pasto;Aguilas Doradas; 1; 1;32%;68%;5;10;2;5;3;4;0;1;17;8;0;2;1;1;18;21;4;1;9;17;2;0;1;5;214;445;151;363;9;15;101;141;54;87
13.10.2022 20:05;Once Caldas;Atl. Nacional; 1; 0;37%;63%;5;19;1;3;2;8;2;8;8;8;0;8;0;2;13;23;3;0;10;8;1;0;4;2;288;460;216;398;14;10;115;150;66;121
13.10.2022 18:00;Junior;U. Magdalena; 1; 1;69%;31%;10;8;5;2;3;6;2;0;10;14;6;2;5;0;29;20;1;4;8;15;;;1;5;502;220;406;141;16;11;165;107;104;60
13.10.2022 15:10;Tolima;Alianza Petrolera; 2; 0;56%;44%;15;10;6;2;8;6;1;2;12;11;1;5;1;1;13;23;2;4;16;12;;;2;1;436;332;368;273;7;11;126;122;85;86
12.10.2022 20:05;América de Cali;Jaguares de Córdoba; 1; 1;49%;51%;25;12;6;3;9;8;10;1;0;0;6;4;1;3;;;2;5;13;14;;;3;3;299;322;221;246;16;14;123;124;100;86
12.10.2022 18:00;Aguilas Doradas;Deportivo Cali; 2; 2;49%;51%;13;7;4;2;6;2;3;3;17;7;4;3;1;1;14;19;0;2;6;18;1;0;1;4;326;347;264;286;9;10;116;134;79;94
11.10.2022 20:10;Pereira;Envigado; 0; 2;55%;45%;19;15;3;11;15;3;1;1;3;2;5;2;1;0;26;18;9;3;4;5;;;1;3;446;366;355;271;12;13;147;135;104;70
11.10.2022 18:05;La Equidad;Cortuluá; 1; 1;62%;38%;20;10;7;5;9;4;4;1;15;15;9;3;2;0;37;11;4;6;13;19;0;1;2;6;384;245;307;151;10;13;131;101;124;57
11.10.2022 16:00;Patriotas;Dep. Pasto; 1; 1;76%;24%;24;6;2;3;11;3;11;0;4;8;8;0;0;2;14;11;2;1;9;5;0;1;2;4;561;185;481;108;16;12;156;75;137;45
10.10.2022 19:45;Alianza Petrolera;Ind. Santa Fe; 4; 0;37%;63%;20;13;10;1;6;7;4;5;6;10;9;5;1;1;13;10;1;6;10;6;;;3;2;305;511;226;429;13;10;100;139;78;99
10.10.2022 16:00;U. Magdalena;Ind. Medellín; 0; 2;53%;47%;14;10;1;7;7;1;6;2;14;8;3;6;1;2;15;6;5;1;10;11;;;2;4;413;357;340;276;17;14;143;117;96;77
09.10.2022 19:40;Atl. Bucaramanga;Junior; 0; 1;65%;35%;17;15;7;6;5;8;5;1;10;12;14;2;0;2;23;13;5;7;13;12;1;0;2;1;508;277;421;203;7;17;158;87;136;62
09.10.2022 17:35;Deportivo Cali;América de Cali; 1; 0;61%;39%;14;18;6;6;7;10;1;2;12;3;3;5;1;2;13;20;6;5;4;14;0;2;2;5;419;262;325;182;15;16;146;110;90;94
09.10.2022 15:30;Atl. Nacional;Aguilas Doradas; 1; 1;59%;41%;15;15;8;8;7;6;0;1;4;10;9;2;3;0;26;13;7;7;6;4;;;;;582;401;524;330;14;16;182;112;135;73
08.10.2022 20:00;Dep. Pasto;Tolima; 2; 1;48%;52%;12;11;6;1;5;9;1;1;22;11;7;2;0;0;25;13;0;4;12;21;0;1;3;5;301;346;236;265;9;21;145;123;109;76
08.10.2022 14:00;Cortuluá;Once Caldas; 0; 1;53%;47%;6;10;2;3;1;6;3;1;11;13;2;6;2;3;12;21;2;2;15;12;;;3;1;401;353;300;266;19;20;151;133;98;90
07.10.2022 19:45;Jaguares de Córdoba;La Equidad; 1; 1;64%;36%;15;4;3;1;6;2;6;1;17;18;8;4;0;1;13;9;0;2;18;22;;;3;5;402;218;342;153;9;14;137;95;105;58
07.10.2022 16:00;Envigado;Patriotas; 3; 2;43%;57%;14;20;7;6;6;6;1;8;9;12;2;7;2;3;16;17;4;4;11;5;;;1;1;318;397;260;327;15;16;122;135;81;105
06.10.2022 20:00;Atl. Nacional;Ind. Medellín; 3; 2;52%;48%;20;12;10;5;5;6;5;1;9;6;7;0;0;2;17;12;3;7;5;7;;;1;2;511;481;435;408;14;15;151;153;105;79
06.10.2022 17:30;Atl. Bucaramanga;Aguilas Doradas; 0; 1;67%;33%;15;12;4;4;8;6;3;2;9;7;5;2;1;0;38;13;3;4;5;19;;;1;4;562;261;452;185;11;13;158;80;94;38
05.10.2022 19:30;Ind. Santa Fe;Millonarios; 3; 2;49%;51%;7;21;5;5;2;10;0;6;19;11;1;9;3;4;21;23;3;2;10;16;1;0;3;2;336;335;260;262;12;16;71;94;35;63
03.10.2022 20:00;Patriotas;U. Magdalena; 3; 1;53%;47%;7;9;4;2;2;7;1;0;8;14;1;1;5;0;22;22;1;1;11;10;;;3;3;405;356;328;261;11;14;149;122;84;75
02.10.2022 20:15;Ind. Santa Fe;Envigado; 1; 0;58%;42%;14;6;2;2;7;3;5;1;13;7;6;1;0;1;28;17;2;1;7;13;;;4;2;527;379;419;271;11;11;174;144;106;93
02.10.2022 18:10;América de Cali;Atl. Nacional; 0; 0;43%;57%;20;13;5;3;11;7;4;3;5;9;4;5;2;1;18;17;3;5;10;5;;;3;3;380;513;297;417;16;11;92;86;50;43
02.10.2022 16:05;Junior;Deportivo Cali; 1; 0;72%;28%;16;3;4;2;8;1;4;0;9;12;9;3;3;0;16;13;2;3;12;15;;;3;2;462;182;384;107;15;18;139;108;105;68
02.10.2022 14:00;Pereira;Dep. Pasto; 2; 0;45%;55%;8;15;3;3;3;8;2;4;6;13;5;4;1;0;14;32;3;1;20;8;;;7;5;307;350;234;263;18;8;93;135;70;96
01.10.2022 20:15;Aguilas Doradas;Tolima; 1; 2;59%;41%;18;10;5;3;5;4;8;3;8;10;6;7;0;1;28;18;1;4;12;8;;;3;1;438;309;352;221;11;14;161;112;115;78
01.10.2022 18:10;La Equidad;Millonarios; 1; 0;33%;67%;6;11;3;1;2;6;1;4;14;15;0;2;1;2;20;25;1;2;16;13;;;4;1;274;569;178;478;17;10;124;167;69;104
01.10.2022 16:05;Once Caldas;Jaguares de Córdoba; 0; 1;65%;35%;24;6;8;4;8;1;8;1;13;15;10;4;2;0;29;13;3;8;13;13;;;4;3;410;227;340;151;15;9;146;103;128;57
01.10.2022 14:00;Cortuluá;Atl. Bucaramanga; 0; 2;56%;44%;16;10;6;3;9;3;1;4;10;8;7;3;0;2;9;16;1;6;10;10;;;1;4;483;402;402;308;10;12;145;122;125;80
30.09.2022 20:00;Ind. Medellín;Alianza Petrolera; 3; 1;54%;46%;17;12;4;6;9;5;4;1;8;12;7;6;2;2;17;11;5;1;9;5;;;0;2;444;375;382;310;20;16;122;134;74;92
29.09.2022 20:00;Ind. Santa Fe;Atl. Nacional; 1; 1;53%;47%;17;16;6;6;8;7;3;3;10;8;7;3;1;3;23;24;5;5;8;7;;;2;3;438;393;361;318;12;15;92;101;64;77
27.09.2022 19:00;Dep. Pasto;Cortuluá; 1; 0;41%;59%;6;5;2;1;4;4;0;0;15;13;2;5;0;0;11;23;1;1;15;17;;;2;4;296;432;211;354;16;12;101;154;71;110
26.09.2022 20:05;Atl. Nacional;Patriotas; 1; 0;57%;43%;14;16;6;4;7;5;1;7;11;12;2;5;1;3;18;13;4;5;13;9;1;0;4;3;531;388;454;303;23;11;142;131;94;83
26.09.2022 18:00;Jaguares de Córdoba;Aguilas Doradas; 0; 0;59%;41%;14;6;1;2;11;1;2;3;9;16;2;7;2;0;19;17;2;1;14;12;;;2;4;407;277;346;201;13;18;128;115;97;79
26.09.2022 16:00;Deportivo Cali;La Equidad; 1; 2;59%;41%;10;12;5;4;4;6;1;2;15;9;5;3;2;3;20;18;2;4;10;14;1;0;4;4;426;288;336;210;17;11;145;121;97;80
25.09.2022 20:15;Tolima;Pereira; 1; 3;67%;33%;17;10;4;3;5;4;8;3;10;12;5;2;4;3;19;13;0;3;11;12;1;0;1;5;497;242;441;184;9;10;143;98;119;52
25.09.2022 18:10;Alianza Petrolera;Junior; 0; 1;54%;46%;8;13;3;3;2;6;3;4;12;11;3;7;0;1;22;13;2;3;15;15;;;2;5;388;329;307;257;14;17;75;91;37;50
25.09.2022 16:05;U. Magdalena;Ind. Santa Fe; 0; 2;45%;55%;10;10;0;3;8;5;2;2;8;15;5;6;7;0;16;15;1;0;15;9;1;1;3;4;318;394;242;316;23;6;117;111;92;66
25.09.2022 14:00;Envigado;Ind. Medellín; 1; 2;48%;52%;25;5;6;2;8;3;11;0;13;10;7;0;2;4;11;14;0;5;12;11;;;2;2;325;365;252;283;13;10;119;119;103;63
24.09.2022 16:30;Millonarios;América de Cali; 2; 2;62%;38%;15;11;5;5;7;4;3;2;17;7;1;1;2;2;20;31;3;3;6;12;;;1;3;463;293;370;200;17;22;96;100;44;38
24.09.2022 14:00;Atl. Bucaramanga;Once Caldas; 0; 0;56%;44%;8;18;1;6;6;10;1;2;13;7;1;6;0;3;17;23;6;1;9;12;;;0;2;465;351;375;275;16;16;155;128;97;84
22.09.2022 18:10;Ind. Medellín;Pereira; 2; 1;54%;46%;10;12;3;6;3;3;4;3;12;9;3;6;0;1;22;14;5;1;9;14;;;4;4;456;382;372;317;7;6;97;81;45;47
22.09.2022 16:05;Aguilas Doradas;U. Magdalena; 2; 0;63%;37%;14;4;4;1;7;1;3;2;11;11;7;4;4;2;18;21;1;2;9;10;;;1;3;415;253;347;182;10;6;120;106;89;69
22.09.2022 14:00;Patriotas;Alianza Petrolera; 0; 0;57%;43%;20;7;2;1;11;5;7;1;6;14;10;2;1;1;27;16;1;2;15;7;;;1;4;383;310;312;226;12;11;142;118;132;68
21.09.2022 20:15;Junior;Millonarios; 0; 1;60%;40%;16;12;6;7;6;5;4;0;10;6;4;4;0;0;18;15;6;6;10;14;;;4;0;471;321;385;244;18;20;99;79;51;40
21.09.2022 18:10;América de Cali;Tolima; 0; 0;41%;59%;24;9;4;2;12;3;8;4;7;8;11;4;2;0;16;17;2;4;8;9;;;2;2;288;444;216;361;21;8;83;73;73;52
21.09.2022 16:05;La Equidad;Dep. Pasto; 2; 3;57%;43%;23;10;6;6;11;4;6;0;12;15;9;5;1;7;22;11;3;4;14;7;1;1;3;4;333;257;272;194;2;19;127;110;105;70
21.09.2022 14:00;Cortuluá;Deportivo Cali; 2; 0;43%;57%;13;10;7;3;5;4;1;3;9;12;2;1;1;1;10;14;3;5;13;9;;;3;3;301;400;234;330;16;14;108;136;75;89
20.09.2022 20:05;Once Caldas;Envigado; 1; 0;42%;58%;15;20;5;8;5;5;5;7;8;13;4;4;7;1;14;22;8;4;14;7;;;3;1;332;460;270;381;13;10;112;172;68;118
20.09.2022 18:00;Jaguares de Córdoba;Atl. Bucaramanga; 0; 1;54%;46%;7;9;1;2;4;6;2;1;10;16;10;1;3;0;6;8;1;1;11;14;0;1;1;5;478;413;415;339;8;12;129;116;123;66
19.09.2022 20:00;Pereira;Aguilas Doradas; 2; 2;52%;48%;13;9;6;4;2;4;5;1;7;11;2;4;2;2;17;26;2;4;11;7;;;4;5;395;363;316;276;12;14;126;126;77;64
18.09.2022 19:40;América de Cali;Patriotas; 2; 0;64%;36%;25;16;7;1;12;6;6;9;2;5;6;8;1;0;16;26;1;5;6;4;;;3;2;518;289;435;196;24;14;177;122;121;88
18.09.2022 17:35;Atl. Nacional;Deportivo Cali; 3; 0;52%;48%;14;9;5;2;5;4;4;3;10;12;3;4;0;4;18;11;2;2;15;6;;;2;3;488;456;425;385;15;15;138;146;91;109
18.09.2022 15:30;Dep. Pasto;Junior; 2; 1;47%;53%;13;8;5;3;6;3;2;2;12;11;4;9;0;0;24;22;2;3;11;13;1;0;4;3;292;330;222;246;13;11;83;79;57;57
17.09.2022 18:10;U. Magdalena;Jaguares de Córdoba; 1; 0;54%;46%;7;10;2;3;3;4;2;3;9;9;5;7;1;1;12;18;3;1;14;14;0;1;4;5;430;355;364;283;9;10;118;120;75;85
17.09.2022 16:05;Tolima;Once Caldas; 1; 0;65%;35%;18;7;5;2;7;2;6;3;8;9;4;6;0;0;30;19;2;4;10;12;;;2;3;471;251;392;172;6;17;153;119;110;69
17.09.2022 14:00;Envigado;Cortuluá; 3; 2;60%;40%;15;12;5;4;4;3;6;5;9;10;3;4;1;3;16;19;2;2;10;7;1;0;3;3;454;287;388;218;9;10;74;71;30;37
16.09.2022 20:05;Atl. Bucaramanga;Ind. Santa Fe; 2; 1;54%;46%;16;9;6;3;9;4;1;2;14;12;4;10;5;3;25;22;2;4;10;8;0;1;2;3;423;366;350;283;16;6;140;137;83;92
16.09.2022 18:00;Alianza Petrolera;La Equidad; 1; 2;50%;50%;17;18;6;5;8;8;3;5;11;13;4;7;2;2;12;27;3;5;13;11;;;1;5;308;285;232;218;17;13;80;82;55;59
15.09.2022 20:05;América de Cali;Pereira; 0; 1;61%;39%;19;13;5;2;7;7;7;4;7;7;5;5;1;0;24;15;1;5;9;12;;;2;5;380;246;282;152;10;8;130;101;109;74
14.09.2022 20:15;Deportivo Cali;Dep. Pasto; 2; 0;57%;43%;14;5;5;0;7;4;2;1;9;15;7;7;1;1;15;16;0;3;12;9;1;0;4;1;399;295;332;216;14;15;119;104;75;88
12.09.2022 20:00;Aguilas Doradas;Alianza Petrolera; 1; 0;59%;41%;16;5;6;1;9;3;1;1;13;13;10;0;2;3;31;22;1;5;13;10;;;1;4;450;322;362;218;16;12;163;121;115;63
11.09.2022 20:15;Deportivo Cali;Atl. Bucaramanga; 1; 1;39%;61%;9;9;3;3;4;5;2;1;15;8;2;5;4;3;27;19;2;2;8;18;;;1;3;289;463;219;376;16;18;110;121;79;79
11.09.2022 18:10;La Equidad;Envigado; 0; 1;51%;49%;16;9;6;3;8;4;2;2;13;13;6;1;3;2;26;23;2;6;10;10;1;1;4;3;391;387;293;304;11;4;124;123;100;75
11.09.2022 16:05;Jaguares de Córdoba;Atl. Nacional; 0; 1;46%;54%;10;19;2;3;5;7;3;9;8;10;5;11;0;0;18;12;2;2;10;11;;;2;1;406;470;342;410;14;15;80;90;59;78
11.09.2022 14:00;Once Caldas;Millonarios; 2; 1;51%;49%;24;7;4;3;9;2;11;2;5;10;8;0;0;1;19;20;2;2;12;12;0;1;3;3;368;371;300;295;30;17;90;92;76;27
10.09.2022 20:15;Ind. Santa Fe;Dep. Pasto; 2; 1;49%;51%;13;6;4;3;3;3;6;0;9;16;1;4;1;2;17;26;2;2;18;7;;;6;2;342;351;270;279;17;10;91;91;50;56
10.09.2022 18:10;Ind. Medellín;América de Cali; 2; 0;45%;55%;12;13;4;1;6;4;2;8;14;12;6;7;0;4;21;17;1;2;11;10;1;0;1;3;356;423;296;341;16;14;99;129;69;106
10.09.2022 16:05;Junior;Pereira; 0; 0;65%;35%;17;7;6;2;6;3;5;2;9;9;10;0;0;0;23;15;2;6;12;11;;;1;3;481;267;396;186;13;13;103;61;94;34
10.09.2022 14:00;Cortuluá;U. Magdalena; 1; 2;45%;55%;9;6;4;3;5;3;0;0;10;20;6;1;0;2;12;10;1;3;20;10;;;4;2;315;409;225;312;11;12;116;113;99;69
09.09.2022 19:40;Patriotas;Tolima; 1; 1;45%;55%;17;15;7;5;5;5;5;5;7;12;2;4;0;1;19;19;4;6;12;8;;;1;2;398;478;324;393;19;11;150;118;104;74
06.09.2022 16:00;Envigado;Aguilas Doradas; 0; 1;54%;46%;8;7;2;2;4;4;2;1;11;15;4;7;2;2;18;14;1;2;13;16;0;1;5;4;344;296;262;211;12;13;128;100;83;77
05.09.2022 20:05;Patriotas;La Equidad; 2; 3;53%;47%;18;18;8;8;5;4;5;6;12;8;7;4;4;2;17;19;5;6;3;12;;;0;2;349;316;252;219;11;15;110;136;98;104
05.09.2022 18:00;Dep. Pasto;Jaguares de Córdoba; 2; 1;56%;44%;16;13;4;5;9;5;3;3;12;6;6;4;1;1;12;22;4;2;6;12;;;2;0;418;334;349;255;16;14;145;114;94;85
04.09.2022 20:15;América de Cali;Deportivo Cali; 1; 0;69%;31%;17;4;4;1;11;0;2;3;18;7;5;2;2;2;23;18;1;3;8;15;0;1;1;3;430;196;349;118;17;15;98;58;71;19
04.09.2022 18:10;Ind. Medellín;Atl. Nacional; 4; 3;31%;69%;9;24;4;10;3;11;2;3;10;12;1;5;2;0;9;10;7;0;14;10;1;0;5;3;217;478;154;404;10;14;60;76;21;64
04.09.2022 16:05;U. Magdalena;Junior; 2; 1;54%;46%;8;11;4;2;3;6;1;3;19;12;1;5;2;1;11;15;1;2;13;24;0;1;4;5;341;274;258;186;2;8;102;100;64;81
04.09.2022 14:00;Pereira;Once Caldas; 1; 1;53%;47%;14;7;3;2;10;4;1;1;6;11;4;0;1;0;38;11;1;2;11;9;;;4;1;426;388;350;315;14;15;144;91;104;50
03.09.2022 20:15;Millonarios;Ind. Santa Fe; 2; 0;57%;43%;12;9;10;2;1;4;1;3;13;12;5;5;1;3;18;12;2;8;12;9;;;2;2;511;385;427;314;24;22;89;87;48;53
03.09.2022 18:10;Tolima;Cortuluá; 0; 0;72%;28%;16;8;4;1;7;5;5;2;8;11;5;2;1;0;24;24;1;4;8;13;0;1;2;4;560;220;473;144;14;8;132;82;90;50
03.09.2022 16:05;Atl. Bucaramanga;Alianza Petrolera; 3; 1;57%;43%;19;10;7;7;8;1;4;2;7;14;4;8;3;2;27;19;6;5;14;10;;;3;2;441;324;361;227;18;12;124;116;88;86
01.09.2022 19:30;Atl. Nacional;Envigado; 1; 1;44%;56%;13;12;3;3;7;2;3;7;11;15;3;7;2;1;13;17;2;2;14;12;1;0;4;6;358;467;298;397;19;11;64;79;43;41
31.08.2022 20:05;Atl. Bucaramanga;América de Cali; 0; 2;67%;33%;15;9;4;4;7;5;4;0;12;6;6;3;1;1;29;21;2;4;6;15;;;1;2;559;277;468;188;17;17;157;119;134;71
29.08.2022 20:05;Deportivo Cali;U. Magdalena; 2; 2;30%;70%;11;14;8;3;1;8;2;3;7;8;5;6;2;1;10;9;1;6;7;5;1;0;2;5;204;499;143;435;26;16;98;146;69;106
29.08.2022 18:00;Jaguares de Córdoba;Envigado; 0; 0;54%;46%;17;8;3;1;13;5;1;2;15;14;7;5;1;3;21;17;1;3;13;15;;;1;2;383;333;311;256;8;14;130;103;98;69
28.08.2022 20:15;Aguilas Doradas;Ind. Medellín; 3; 0;41%;59%;12;6;3;1;7;4;2;1;10;9;3;0;2;3;24;16;1;1;11;9;1;0;4;2;339;502;255;421;10;11;112;139;83;86
28.08.2022 18:10;Junior;Tolima; 2; 1;64%;36%;12;7;2;3;7;4;3;0;13;15;5;2;3;2;17;16;2;0;12;21;0;2;4;7;361;208;294;139;13;14;91;58;56;24
28.08.2022 16:05;Cortuluá;Millonarios; 1; 4;49%;51%;22;11;8;7;8;2;6;2;9;11;9;3;4;1;13;9;3;7;10;10;;;2;1;395;412;325;325;12;28;94;76;66;41
28.08.2022 14:00;La Equidad;Pereira; 1; 1;62%;38%;17;11;5;6;7;4;5;1;12;12;6;3;0;1;20;24;5;4;15;12;0;1;4;9;430;272;352;181;15;14;91;63;54;40
27.08.2022 20:00;Atl. Nacional;Atl. Bucaramanga; 3; 2;54%;46%;22;20;8;7;9;9;5;4;6;9;7;7;0;2;20;25;5;5;10;4;;;;;505;429;416;340;16;19;88;86;57;47
27.08.2022 17:45;Alianza Petrolera;Dep. Pasto; 0; 0;59%;41%;9;8;2;1;5;5;2;2;10;9;5;2;3;2;20;25;1;2;6;10;;;3;5;445;318;370;243;13;6;133;108;92;67
27.08.2022 15:30;Ind. Santa Fe;Patriotas; 2; 1;64%;36%;11;12;5;3;1;6;5;3;10;11;7;5;2;0;15;17;2;3;11;9;;;3;3;474;266;396;194;11;13;129;95;94;83
26.08.2022 19:30;Once Caldas;América de Cali; 1; 1;55%;45%;8;17;4;3;4;11;0;3;9;9;1;6;7;0;22;24;2;3;6;10;;;1;0;434;356;335;255;18;19;129;137;85;109
25.08.2022 20:00;Deportivo Cali;Jaguares de Córdoba; 2; 2;63%;37%;11;12;4;7;6;4;1;1;5;12;1;5;0;0;16;23;5;2;19;8;;;4;1;465;270;394;197;29;15;133;103;77;80
22.08.2022 20:00;Dep. Pasto;Once Caldas; 2; 0;43%;57%;8;8;6;0;1;4;1;4;16;12;7;3;0;3;32;26;0;4;13;13;;;3;3;312;410;231;330;20;23;126;111;87;89
21.08.2022 19:40;Tolima;La Equidad; 1; 1;62%;38%;19;10;5;2;5;6;9;2;10;15;7;1;5;0;28;23;1;4;13;16;;;2;5;394;243;312;170;10;21;124;131;106;70
21.08.2022 17:35;U. Magdalena;Atl. Nacional; 2; 2;43%;57%;11;14;4;5;6;5;1;4;16;9;2;2;0;5;9;18;3;2;9;15;1;0;3;2;373;489;304;409;19;19;96;132;53;97
21.08.2022 15:30;América de Cali;Junior; 2; 1;36%;64%;18;8;5;1;10;7;3;0;4;12;4;2;1;2;16;21;0;3;13;3;;;;;253;468;160;369;14;11;111;103;62;79
20.08.2022 20:15;Ind. Medellín;Ind. Santa Fe; 2; 0;35%;65%;8;16;5;6;0;7;3;3;19;12;2;7;2;0;17;24;6;3;10;22;;;2;4;295;536;225;464;9;11;52;66;18;33
20.08.2022 18:10;Millonarios;Jaguares de Córdoba; 2; 0;55%;45%;25;7;11;0;6;4;8;3;11;12;9;4;1;1;14;15;0;9;9;12;;;2;2;437;352;379;285;16;5;83;71;69;34
20.08.2022 16:05;Patriotas;Aguilas Doradas; 0; 1;57%;43%;11;12;2;2;6;8;3;2;16;10;6;3;1;3;18;12;1;2;11;18;;;2;3;469;358;388;277;8;12;135;101;90;68
20.08.2022 14:00;Pereira;Cortuluá; 2; 1;50%;50%;13;10;5;2;6;4;2;4;9;10;4;5;1;2;19;22;1;3;11;10;;;2;3;383;369;282;267;20;13;117;132;75;97
19.08.2022 19:30;Alianza Petrolera;Deportivo Cali; 4; 4;59%;41%;25;17;9;6;11;7;5;4;8;11;13;1;0;1;15;18;2;5;11;9;;;4;2;377;283;306;217;9;8;110;82;101;57
19.08.2022 16:00;Envigado;Atl. Bucaramanga; 2; 1;62%;38%;20;12;5;3;7;5;8;4;5;13;7;5;1;2;20;16;2;3;13;7;1;1;4;3;454;268;385;204;12;10;123;95;102;77
15.08.2022 17:20;La Equidad;América de Cali; 0; 0;52%;48%;11;15;4;2;6;10;1;3;9;11;5;5;4;1;27;30;2;4;7;8;;;1;1;358;350;272;253;22;13;81;101;63;48
15.08.2022 15:15;Once Caldas;Patriotas; 1; 1;64%;36%;17;10;7;3;5;5;5;2;6;12;4;2;3;1;10;8;2;6;18;10;0;1;4;3;500;286;439;221;11;10;131;88;110;61
14.08.2022 18:05;Aguilas Doradas;Millonarios; 0; 0;53%;47%;16;1;4;0;9;1;3;0;11;17;9;0;2;1;12;18;0;4;19;12;0;1;5;2;399;372;330;284;12;17;119;131;106;80
14.08.2022 16:00;Jaguares de Córdoba;Pereira; 1; 2;66%;34%;11;8;1;5;6;3;4;0;13;15;8;0;2;0;13;9;3;0;12;14;;;1;4;476;251;409;188;17;12;127;84;109;46
13.08.2022 19:45;Junior;Ind. Medellín; 4; 2;45%;55%;16;12;6;3;7;6;3;3;15;14;3;7;3;4;10;15;1;2;15;16;;;3;2;324;405;248;317;14;9;82;77;48;58
13.08.2022 17:30;Ind. Santa Fe;Tolima; 2; 1;65%;35%;18;10;5;6;8;2;5;2;11;17;6;3;0;2;13;12;5;3;14;13;;;3;5;500;271;438;212;14;9;75;56;47;31
13.08.2022 15:15;Cortuluá;Alianza Petrolera; 0; 2;53%;47%;21;11;4;4;12;6;5;1;12;15;3;5;1;0;25;16;2;4;15;13;;;2;3;368;315;286;232;8;14;134;94;99;80
12.08.2022 19:40;Atl. Bucaramanga;U. Magdalena; 1; 0;42%;58%;5;14;4;1;1;9;0;4;13;12;0;6;2;2;13;21;1;3;15;7;1;1;4;2;356;463;263;387;24;16;105;127;58;94
09.08.2022 19:30;América de Cali;Aguilas Doradas; 2; 0;59%;41%;15;12;8;3;7;6;0;3;14;21;1;3;1;1;16;22;3;6;19;14;0;1;3;3;449;296;389;235;13;13;82;70;49;46
07.08.2022 20:15;Pereira;Ind. Santa Fe; 0; 1;37%;63%;17;14;3;5;6;7;8;2;10;12;3;7;1;0;15;18;4;3;15;14;;;1;3;253;431;177;367;10;12;97;126;85;90
07.08.2022 18:10;Junior;Once Caldas; 1; 2;69%;31%;13;6;4;3;7;1;2;2;8;9;3;4;2;0;19;20;1;3;11;10;1;0;3;4;479;229;392;134;23;14;102;78;96;42
07.08.2022 14:00;Dep. Pasto;Atl. Bucaramanga; 1; 0;46%;54%;11;6;6;1;3;3;2;2;10;7;8;4;0;3;22;24;1;5;7;9;;;2;3;385;466;305;396;14;22;125;100;102;66
06.08.2022 20:15;Millonarios;Deportivo Cali; 4; 2;58%;42%;12;5;7;3;4;1;1;1;8;14;4;0;1;2;25;13;1;3;14;4;1;0;3;1;474;352;407;291;15;17;101;65;63;35
06.08.2022 18:10;Alianza Petrolera;Atl. Nacional; 0; 2;52%;48%;22;13;13;5;6;6;3;2;4;8;6;5;1;0;17;21;3;13;9;6;;;4;0;426;392;355;322;16;12;126;121;99;78
06.08.2022 16:05;Tolima;Jaguares de Córdoba; 2; 2;70%;30%;27;8;10;3;10;4;7;1;4;11;9;0;0;0;26;15;1;8;12;6;;;1;3;537;240;470;165;5;16;118;67;115;22
06.08.2022 14:00;Envigado;U. Magdalena; 1; 2;59%;41%;18;11;5;7;8;2;5;2;16;15;5;2;0;4;31;19;5;4;15;12;;;3;4;416;300;336;224;12;12;132;96;91;68
05.08.2022 19:50;Patriotas;Cortuluá; 3; 0;41%;59%;8;12;5;4;2;6;1;2;12;7;2;6;3;1;18;13;4;2;4;10;;;1;1;308;421;254;356;13;18;96;137;52;110
05.08.2022 17:45;Ind. Medellín;La Equidad; 1; 1;54%;46%;13;19;7;5;5;10;1;4;12;10;2;6;5;1;22;23;4;6;6;11;;;1;2;404;351;310;261;15;16;67;62;57;59
02.08.2022 20:05;Ind. Santa Fe;América de Cali; 1; 1;68%;32%;14;10;2;2;7;6;5;2;13;9;6;2;2;1;20;22;1;1;8;13;;;3;4;524;234;455;168;15;16;94;68;62;38
02.08.2022 18:00;Deportivo Cali;Envigado; 0; 3;51%;49%;16;11;4;5;6;2;6;4;14;12;5;6;1;0;16;12;2;4;12;15;1;0;5;3;383;359;313;270;13;14;77;70;53;40
01.08.2022 20:05;Atl. Nacional;Dep. Pasto; 3; 1;64%;36%;15;15;7;3;5;8;3;4;11;8;3;10;1;1;19;16;2;4;9;10;0;1;2;0;596;319;528;248;18;18;78;64;39;44
01.08.2022 18:00;Atl. Bucaramanga;Tolima; 2; 1;55%;45%;12;17;6;3;5;9;1;5;17;10;2;6;1;3;12;23;2;4;11;13;;;1;2;445;349;352;274;16;9;122;119;61;101
31.07.2022 20:15;La Equidad;Patriotas; 4; 3;52%;48%;16;6;8;3;5;2;3;1;14;12;3;2;1;4;31;24;0;4;14;9;;;2;5;309;281;233;212;15;10;108;112;79;78
31.07.2022 18:10;U. Magdalena;Millonarios; 0; 2;40%;60%;7;9;1;3;5;3;1;3;12;12;1;2;2;3;12;15;1;1;11;13;1;0;4;3;351;534;280;467;4;7;65;80;28;37
31.07.2022 16:05;Aguilas Doradas;Junior; 1; 1;48%;52%;20;8;6;2;9;3;5;3;17;11;2;2;1;1;22;24;1;5;16;18;;;4;2;311;335;229;247;18;24;73;76;40;47
31.07.2022 14:00;Once Caldas;Pereira; 2; 1;50%;50%;11;10;5;1;4;5;2;4;9;11;2;3;0;1;11;9;0;3;14;13;;;3;2;369;370;315;307;17;11;80;74;45;48
30.07.2022 16:05;Jaguares de Córdoba;Alianza Petrolera; 2; 1;41%;59%;7;9;3;3;1;5;3;1;18;19;2;0;1;1;15;11;2;1;20;15;;;3;5;282;394;217;337;7;10;90;96;61;62
30.07.2022 14:00;Cortuluá;Ind. Medellín; 1; 0;43%;57%;15;14;4;2;8;8;3;4;11;17;6;7;0;5;14;26;2;3;17;6;;;3;1;311;424;240;339;17;9;111;109;84;74
26.07.2022 16:40;Patriotas;Jaguares de Córdoba; 0; 0;65%;35%;20;6;3;3;10;2;7;1;7;13;5;3;1;1;21;18;3;3;13;12;;;3;4;442;249;362;151;12;14;129;108;115;51
25.07.2022 16:40;Pereira;Deportivo Cali; 2; 1;58%;42%;15;11;5;3;6;4;4;4;8;12;2;4;3;1;21;21;2;3;13;12;;;5;3;361;257;289;198;11;11;82;82;55;59
24.07.2022 16:50;Ind. Medellín;Once Caldas; 1; 1;51%;49%;10;12;4;6;4;4;2;2;5;11;5;5;1;1;19;16;5;3;9;5;;;2;2;515;499;448;431;19;20;124;131;106;83
24.07.2022 14:45;América de Cali;Cortuluá; 1; 1;49%;51%;7;10;3;4;1;5;3;1;14;17;1;7;1;1;10;14;3;2;21;15;;;4;3;394;392;303;300;9;15;93;110;44;69
23.07.2022 20:15;Tolima;Atl. Nacional; 2; 2;58%;42%;15;16;9;8;6;5;0;3;7;9;2;7;0;0;17;22;6;7;12;9;;;2;5;467;334;384;250;16;12;79;79;44;42
23.07.2022 18:10;Junior;Ind. Santa Fe; 2; 0;56%;44%;22;9;7;3;9;4;6;2;9;17;9;0;3;0;16;20;3;5;16;11;0;1;2;6;341;279;247;188;23;16;88;62;60;20
23.07.2022 16:05;Dep. Pasto;U. Magdalena; 1; 2;61%;39%;13;5;5;3;8;2;0;0;12;8;9;3;0;1;21;15;1;4;9;18;;;2;4;390;256;314;167;15;13;122;82;97;49
23.07.2022 14:00;Aguilas Doradas;La Equidad; 3; 0;54%;46%;16;5;8;1;4;2;4;2;19;17;2;4;4;2;19;25;1;5;11;17;0;1;2;5;410;337;344;266;15;11;108;107;59;78
22.07.2022 20:05;Millonarios;Envigado; 1; 0;53%;47%;13;8;4;0;6;1;3;7;10;14;5;5;1;1;19;16;0;3;13;9;;;0;3;448;393;365;307;14;12;108;103;61;56
22.07.2022 18:00;Alianza Petrolera;Atl. Bucaramanga; 3; 1;48%;52%;17;17;7;6;3;9;7;2;10;13;12;4;2;1;19;9;5;4;12;11;;;4;3;431;461;354;397;11;15;127;109;121;85
21.07.2022 20:00;Deportivo Cali;Ind. Medellín; 2; 2;56%;44%;21;5;8;3;8;2;5;0;10;9;9;3;0;1;14;8;1;6;9;11;;;4;2;413;343;359;267;18;15;78;57;64;30
19.07.2022 20:00;Pereira;Patriotas; 2; 0;63%;37%;9;4;4;0;5;4;0;0;8;14;4;3;1;0;26;19;0;2;15;11;;;4;4;474;277;392;210;22;10;135;94;93;68
18.07.2022 20:05;Once Caldas;Aguilas Doradas; 2; 0;42%;58%;6;13;2;4;2;6;2;3;8;11;1;1;0;0;18;17;4;0;21;9;;;2;0;317;428;248;368;25;18;84;133;35;66
18.07.2022 18:00;U. Magdalena;Tolima; 2; 1;39%;61%;6;20;2;8;3;8;1;4;15;14;2;7;0;2;15;24;7;0;15;15;;;2;4;306;470;235;382;19;14;98;125;52;103
17.07.2022 16:05;Ind. Santa Fe;Cortuluá; 1; 0;48%;52%;9;16;4;4;3;9;2;3;13;21;1;4;1;0;14;24;4;3;18;14;1;0;3;4;389;406;313;334;18;14;105;140;57;97
17.07.2022 14:00;Envigado;Alianza Petrolera; 2; 2;61%;39%;22;11;6;5;12;3;4;3;13;14;4;3;2;2;21;19;3;4;13;10;;;6;5;361;238;295;160;18;13;112;96;82;70
16.07.2022 20:10;La Equidad;Junior; 0; 0;47%;53%;13;7;3;2;5;5;5;0;10;12;6;5;0;3;27;22;2;3;12;7;;;4;4;321;370;253;289;23;17;98;97;64;65
16.07.2022 18:05;Atl. Nacional;Millonarios; 1; 2;49%;51%;13;14;3;5;6;9;4;0;8;13;4;3;2;1;16;17;3;2;11;10;;;2;5;394;434;323;356;20;14;77;75;53;60
16.07.2022 16:00;Jaguares de Córdoba;Dep. Pasto; 0; 1;61%;39%;10;16;0;9;5;5;5;2;15;11;4;4;1;0;20;18;8;0;10;14;;;2;3;458;297;389;242;18;21;143;94;87;65
14.07.2022 20:10;Tolima;Deportivo Cali; 2; 0;58%;42%;18;10;7;2;6;5;5;3;5;11;5;5;1;2;19;20;2;5;12;6;0;1;2;5;521;388;474;323;7;15;109;85;83;53
14.07.2022 18:05;Ind. Medellín;Patriotas; 1; 0;60%;40%;14;11;3;1;8;6;3;4;2;9;11;6;2;0;17;27;1;2;7;5;;;0;5;532;366;453;290;17;13;104;115;72;64
14.07.2022 16:00;Aguilas Doradas;Ind. Santa Fe; 2; 2;50%;50%;12;12;6;4;4;4;2;4;14;18;3;5;3;2;27;16;2;4;18;17;;;4;4;375;376;294;292;14;17;123;109;100;75
13.07.2022 20:15;Junior;Atl. Nacional; 3; 1;55%;45%;11;11;4;5;3;3;4;3;6;17;4;6;2;0;16;18;4;1;18;8;0;1;3;5;325;255;250;182;18;18;83;81;60;50
13.07.2022 18:10;Once Caldas;La Equidad; 1; 1;55%;45%;14;14;3;4;6;9;5;1;10;9;2;2;1;0;10;14;3;2;10;16;;;2;0;415;334;337;256;16;22;108;89;66;43
13.07.2022 16:05;Dep. Pasto;Envigado; 4; 0;47%;53%;17;17;5;3;10;9;2;5;10;17;4;1;1;0;18;15;3;1;16;11;;;2;2;361;404;295;327;8;14;98;135;62;89
13.07.2022 14:00;Cortuluá;Jaguares de Córdoba; 0; 1;63%;37%;17;10;5;4;9;3;3;3;8;14;4;5;0;1;10;14;3;5;15;10;;;4;2;473;291;380;195;15;17;136;100;107;69
12.07.2022 20:05;Millonarios;Atl. Bucaramanga; 0; 0;65%;35%;23;6;4;1;16;1;3;4;11;11;15;3;3;1;21;16;1;4;9;10;;;0;3;491;271;429;191;10;19;122;81;120;36
12.07.2022 18:00;Alianza Petrolera;U. Magdalena; 0; 1;58%;42%;14;16;4;5;10;7;0;4;7;11;2;0;2;0;28;8;4;4;9;7;;;1;0;460;346;383;262;11;20;116;110;85;75
10.07.2022 20:15;Tolima;Ind. Medellín; 1; 1;56%;44%;20;7;3;2;12;4;5;1;7;10;4;5;0;0;16;20;1;2;10;13;;;2;2;474;372;408;274;8;14;112;95;70;43
10.07.2022 18:10;Atl. Nacional;Cortuluá; 1; 1;62%;38%;11;12;2;5;4;6;5;1;14;11;4;4;1;0;17;17;4;1;13;17;0;1;0;3;449;276;384;206;8;14;93;63;54;53
10.07.2022 14:00;La Equidad;Ind. Santa Fe; 2; 2;49%;51%;14;12;5;5;5;5;4;2;19;10;7;3;0;3;23;17;3;3;13;15;;;2;3;370;391;293;325;7;9;129;99;109;66
09.07.2022 18:00;Millonarios;Dep. Pasto; 1; 1;65%;35%;21;11;8;4;10;4;3;3;15;17;4;4;1;3;27;18;3;7;15;11;;;4;2;527;287;458;215;17;8;128;76;81;46
09.07.2022 15:15;Envigado;América de Cali; 0; 0;59%;41%;10;9;1;1;5;5;4;3;18;7;3;5;1;3;24;29;1;1;6;15;;;1;3;414;281;310;186;9;16;113;83;62;45
07.07.2022 20:10;Patriotas;Junior; 1; 0;58%;42%;12;7;3;2;7;3;2;2;8;8;8;3;1;1;23;18;2;2;7;10;;;1;3;408;292;352;223;12;7;96;84;74;46
07.07.2022 18:05;Pereira;Alianza Petrolera; 1; 2;54%;46%;15;4;3;2;7;2;5;0;15;8;5;0;1;2;19;21;0;2;11;14;;;1;3;396;334;314;259;11;8;117;104;85;65
07.07.2022 16:00;U. Magdalena;Once Caldas; 2; 2;37%;63%;12;16;4;3;6;5;2;8;17;14;4;4;0;2;18;8;1;2;13;15;1;0;5;2;206;347;139;281;11;14;74;91;57;85
