Date,HomeTeam,AwayTeam,HG,AG,HxG,AxG,HP,AP,HTS,ATS,HSI,ASI,HSO,ASO,HBS,ABS,HFK,AFK,HC,AC,HOFF,AOFF,HTI,ATI,HGS,AGS,HF,AF,HRC,ARC,HYC,AYC,HTP,ATP,HPC,APC,HT,AT,HA,AA,HDA,ADA,Resultado
15.08.2023 18:00,Athletico-PR,Cuiabá,2,0,0.82,1.12,55%,45%,12,11,6,1,4,9,2,1,12,21,5,3,1,1,15,14,1,4,21,12,,,5,3,433,329,362,269,,,93,105,41,34,2
14.08.2023 19:00,Bragantino,Vasco,1,1,1.49,1.39,60%,40%,22,8,7,4,8,2,7,2,17,11,7,6,0,4,22,22,3,6,11,17,,,3,5,498,267,413,187,,,148,76,75,31,0
14.08.2023 17:00,Palmeiras,Cruzeiro,1,0,1.15,0.63,54%,46%,11,11,4,4,5,5,2,2,26,15,3,5,1,1,23,18,4,3,13,26,,,2,3,464,395,376,319,,,105,115,40,27,1
13.08.2023 16:30,Flamengo,Sao Paulo,1,1,1.49,0.83,47%,53%,17,7,4,1,9,3,4,3,17,15,8,2,3,5,21,13,0,3,13,14,,,2,6,590,494,519,430,,,129,99,83,25,0
13.08.2023 16:30,Fortaleza,Santos,4,0,2.87,0.53,53%,47%,25,8,10,3,12,3,3,2,21,17,10,6,1,3,19,19,3,6,19,20,,,2,1,399,308,323,240,,,96,74,56,33,4
13.08.2023 14:00,América-MG,Goiás,0,1,0.78,0.28,65%,35%,14,9,2,3,6,6,6,0,11,14,7,3,2,0,17,12,2,2,12,12,1,0,0,1,674,308,586,237,,,163,78,78,32,-1
13.08.2023 14:00,Corinthians,Coritiba,3,1,2.52,0.92,58%,42%,15,11,9,4,6,4,0,3,13,18,4,2,2,0,16,20,3,6,17,13,,,2,2,569,438,501,355,,,105,91,41,32,2
13.08.2023 14:00,Gremio,Fluminense,2,1,1.17,0.85,34%,66%,11,18,5,7,5,9,1,2,10,14,3,8,3,2,14,27,6,3,11,7,,,3,4,309,729,238,649,,,74,127,35,58,1
13.08.2023 09:00,Atlético-MG,Bahia,1,0,0.97,0.79,43%,57%,10,13,4,5,6,4,0,4,13,18,2,9,4,1,29,24,5,3,15,12,0,1,2,1,296,505,243,419,,,61,120,30,68,1
12.08.2023 19:00,Botafogo,Internacional,3,1,2.38,1.21,53%,47%,16,9,10,4,5,5,1,0,13,13,7,3,0,4,19,15,3,7,15,10,,,3,3,510,475,418,390,,,124,105,52,21,2
06.08.2023 18:00,Cuiabá,Flamengo,3,0,2.15,0.76,42%,58%,16,9,7,4,7,2,2,3,9,10,10,6,1,0,17,20,4,4,9,9,,,2,0,330,539,264,474,,,70,122,46,87,3
06.08.2023 16:30,Bahia,América-MG,3,1,1.49,0.62,61%,39%,23,6,7,5,13,1,3,0,20,13,7,2,2,3,18,12,4,4,20,19,0,1,4,5,491,260,417,187,,,119,73,62,20,2
06.08.2023 16:30,Coritiba,Bragantino,0,1,0.40,1.07,50%,50%,9,12,1,2,6,8,2,2,20,22,3,4,2,0,38,42,1,1,21,22,,,3,5,389,357,300,261,,,89,102,53,48,-1
06.08.2023 16:30,Cruzeiro,Botafogo,0,0,1.06,0.07,59%,41%,11,2,4,1,5,1,2,0,6,17,8,1,1,1,30,18,1,4,16,7,,,1,2,606,270,515,203,,,153,61,54,12,0
06.08.2023 14:00,Sao Paulo,Atlético-MG,0,2,0.94,2.06,62%,38%,16,8,2,2,10,6,4,0,16,20,8,3,6,1,27,12,0,2,15,17,,,6,5,620,290,546,220,,,152,65,79,23,-2
06.08.2023 14:00,Vasco,Gremio,1,0,1.60,1.34,51%,49%,10,11,4,4,6,3,0,4,18,18,5,7,1,2,17,31,4,3,19,17,,,1,1,486,430,408,340,,,115,123,38,66,1
05.08.2023 19:00,Fluminense,Palmeiras,2,1,2.49,0.91,49%,51%,10,16,5,5,3,6,2,5,23,21,0,8,3,3,16,14,4,3,18,21,1,0,6,2,428,382,364,294,,,53,106,19,63,1
05.08.2023 16:30,Goiás,Fortaleza,1,0,0.93,0.71,38%,62%,10,10,4,4,4,2,2,4,10,18,5,2,2,0,22,24,4,3,15,10,,,1,3,354,592,276,521,,,84,133,47,65,1
05.08.2023 16:30,Internacional,Corinthians,2,2,1.54,1.03,55%,45%,14,9,4,3,5,6,5,0,11,15,1,4,0,2,21,20,1,2,17,7,1,0,5,3,574,466,494,401,,,137,93,52,32,0
05.08.2023 14:00,Santos,Athletico-PR,1,1,,,60%,40%,6,3,2,2,2,1,2,0,30,16,3,3,2,2,15,13,1,1,19,26,,,3,2,598,316,514,256,,,116,80,57,22,0
30.07.2023 16:30,Goiás,Gremio,1,1,0.80,0.29,45%,55%,14,8,2,2,8,1,4,5,11,20,6,5,2,1,21,19,1,1,20,11,,,4,2,394,535,327,455,,,105,101,46,44,0
30.07.2023 14:00,América-MG,Palmeiras,1,4,1.29,0.84,48%,52%,13,13,7,7,4,1,2,5,20,13,5,4,1,7,19,12,3,6,13,12,,,2,1,409,449,331,364,,,123,97,59,37,-3
30.07.2023 14:00,Botafogo,Coritiba,4,1,1.02,1.17,53%,47%,14,9,7,5,5,4,2,0,12,14,7,3,0,1,13,16,4,3,14,12,,,1,3,531,427,462,367,,,117,94,51,28,3
30.07.2023 09:00,Sao Paulo,Bahia,0,0,1.82,0.57,60%,40%,15,11,10,2,3,9,2,0,15,22,10,5,6,0,34,12,2,10,13,14,,,0,4,,,,,,,157,98,69,22,0
29.07.2023 19:00,Atlético-MG,Flamengo,1,2,0.91,1.89,41%,59%,21,6,6,5,8,1,7,0,13,22,7,2,1,0,18,16,3,5,21,14,,,3,5,383,564,310,502,,,45,70,9,23,-1
29.07.2023 16:30,Corinthians,Vasco,3,1,1.15,1.45,54%,46%,13,22,7,5,3,13,3,4,12,13,0,6,0,0,14,19,4,4,12,11,,,2,0,649,518,584,456,,,108,114,48,55,2
29.07.2023 16:30,Fortaleza,Bragantino,0,3,0.90,2.57,49%,51%,11,21,2,11,4,6,5,4,22,21,2,9,5,1,25,18,8,2,16,24,,,2,3,364,436,288,344,,,127,115,36,54,-3
29.07.2023 14:00,Athletico-PR,Cruzeiro,3,3,3.33,2.03,49%,51%,13,10,6,5,6,5,1,0,24,17,7,5,1,1,26,24,2,3,15,22,,,1,4,393,374,318,292,,,80,93,32,56,0
29.07.2023 14:00,Fluminense,Santos,1,0,1.85,0.17,65%,35%,14,4,8,0,4,4,2,0,17,19,6,2,0,0,24,15,0,7,18,19,,,6,6,588,234,517,185,,,133,45,71,19,1
29.07.2023 14:00,Internacional,Cuiabá,1,2,1.16,0.87,67%,33%,15,11,4,5,5,4,6,2,10,16,7,5,2,1,23,12,3,3,14,11,1,0,5,2,732,342,651,256,,,133,100,65,28,-1
24.07.2023 17:00,Coritiba,Fluminense,2,0,1.83,1.11,32%,68%,8,15,5,4,3,8,0,3,7,15,7,11,0,1,24,34,4,3,16,6,,,2,1,244,660,176,581,,,48,159,32,93,2
23.07.2023 16:30,Vasco,Athletico-PR,0,2,1.26,1.46,54%,46%,16,10,2,2,12,6,2,2,21,17,8,2,2,1,26,14,1,2,18,21,0,1,2,3,479,351,402,288,,,114,67,66,33,-2
23.07.2023 14:00,Bragantino,Internacional,0,0,1.01,0.83,53%,47%,17,10,4,4,11,3,2,3,17,15,13,4,0,3,21,23,4,4,15,14,,,3,2,435,366,326,285,,,120,102,62,32,0
23.07.2023 14:00,Cruzeiro,Goiás,0,1,0.96,0.28,60%,40%,14,6,1,2,8,3,5,1,24,12,13,1,2,2,30,27,1,1,8,22,,,4,5,601,291,499,221,,,138,100,92,39,-1
23.07.2023 14:00,Santos,Botafogo,2,2,0.76,0.81,42%,58%,6,18,2,7,2,10,2,1,19,23,2,8,1,0,18,24,5,0,23,20,,,3,3,290,533,215,447,,,77,118,31,44,0
22.07.2023 19:00,Gremio,Atlético-MG,1,0,0.71,0.87,38%,62%,6,15,2,4,2,8,2,3,16,8,3,8,1,1,20,24,4,1,7,17,,,3,4,352,603,260,513,,,111,142,34,62,1
22.07.2023 16:30,Bahia,Corinthians,0,0,1.33,0.12,56%,44%,16,5,5,1,8,2,3,2,25,14,11,5,2,4,28,25,1,5,13,20,,,3,2,505,373,424,287,,,149,91,77,27,0
22.07.2023 16:30,Cuiabá,Sao Paulo,2,1,2.35,0.33,30%,70%,12,9,6,3,5,5,1,1,17,13,2,4,2,0,15,19,2,4,9,15,,,2,5,225,560,171,498,,,72,109,29,39,1
22.07.2023 14:00,Flamengo,América-MG,1,1,,,62%,38%,14,16,6,4,5,7,3,5,15,12,12,7,4,4,24,14,3,5,8,13,,,2,4,613,326,521,248,,,80,70,56,38,0
22.07.2023 14:00,Palmeiras,Fortaleza,3,1,,,57%,43%,13,12,5,6,7,3,1,3,28,16,4,4,1,1,19,21,5,2,16,28,,,3,6,441,266,375,189,,,79,67,38,30,2
17.07.2023 18:00,Goiás,Atlético-MG,0,0,1.79,0.26,42%,58%,15,7,3,1,6,2,6,4,14,15,6,4,0,0,21,26,1,3,16,14,0,1,5,4,325,537,257,451,,,102,106,47,38,0
16.07.2023 16:30,Athletico-PR,Bahia,2,0,,,52%,48%,15,8,7,6,6,2,2,0,10,19,5,3,5,0,20,23,6,5,14,9,,,2,1,512,476,439,395,,,97,96,43,35,2
16.07.2023 16:30,Internacional,Palmeiras,0,0,,,50%,50%,9,15,4,5,4,7,1,3,14,19,4,7,0,2,24,16,5,4,18,13,,,1,3,410,434,340,365,,,90,163,51,48,0
16.07.2023 14:00,Fluminense,Flamengo,0,0,0.87,0.35,52%,48%,15,8,8,3,4,3,3,2,19,26,8,1,1,1,15,16,3,8,25,20,0,1,7,5,471,360,396,306,,,102,93,53,51,0
16.07.2023 14:00,Fortaleza,Cuiabá,0,1,0.83,0.67,63%,37%,20,8,6,1,9,6,5,1,16,19,10,0,1,2,40,23,0,6,17,17,,,5,4,518,216,435,162,,,136,76,70,27,-1
16.07.2023 14:00,Sao Paulo,Santos,4,1,3.91,0.41,59%,41%,23,8,7,3,11,4,5,1,16,20,4,3,2,2,15,24,2,3,20,15,,,3,5,478,275,421,201,,,101,85,41,32,3
16.07.2023 09:00,Cruzeiro,Coritiba,0,0,0.81,0.99,53%,47%,11,15,2,6,8,7,1,2,16,15,11,8,1,5,21,24,6,2,14,11,,,1,4,445,344,359,264,,,100,105,46,49,0
15.07.2023 19:00,Botafogo,Bragantino,2,0,0.96,1.04,43%,57%,9,16,3,8,6,5,0,3,13,17,4,11,1,3,23,29,8,1,15,11,,,1,1,313,558,225,446,,,78,153,28,52,2
09.07.2023 16:30,Fortaleza,Athletico-PR,1,0,1.51,1.10,52%,48%,19,10,6,2,10,6,3,2,18,14,7,2,6,0,24,17,2,5,10,18,,,3,3,431,381,353,324,,,104,102,66,27,1
09.07.2023 16:30,Gremio,Botafogo,0,2,1.98,1.17,48%,52%,22,15,4,6,15,6,3,3,15,8,10,2,1,1,31,10,4,4,7,13,,,2,5,521,448,427,381,,,130,114,66,33,-2
09.07.2023 14:00,Bragantino,Sao Paulo,0,0,1.55,0.46,53%,47%,23,4,4,1,12,3,7,0,9,16,6,4,0,0,22,25,1,4,15,9,,,2,2,427,327,337,229,,,126,72,68,28,0
09.07.2023 14:00,Fluminense,Internacional,2,0,1.06,0.44,55%,45%,13,9,6,0,2,5,5,4,17,20,7,4,3,0,19,21,0,4,18,16,,,2,3,520,404,442,327,,,119,79,49,49,2
09.07.2023 09:00,Santos,Goiás,4,3,2.40,2.11,38%,62%,14,11,7,4,4,4,3,3,22,17,8,13,1,4,16,20,1,3,16,18,1,1,6,2,301,574,214,499,,,65,127,42,58,1
08.07.2023 19:00,Palmeiras,Flamengo,1,1,1.01,0.94,42%,58%,13,10,3,4,7,5,3,1,18,18,4,7,5,3,21,20,3,2,13,16,,,2,3,407,541,338,471,,,89,125,42,55,0
08.07.2023 16:30,Atlético-MG,Corinthians,0,1,1.54,0.75,55%,45%,25,8,6,2,8,2,11,4,7,15,10,2,0,0,18,16,1,6,15,7,,,3,2,565,398,475,322,,,144,98,59,28,-1
08.07.2023 16:30,Coritiba,América-MG,3,1,1.58,0.93,44%,56%,13,16,7,3,3,9,3,4,21,17,7,8,2,0,26,29,2,4,16,19,,,5,3,312,435,222,348,19,13,81,135,29,57,2
08.07.2023 14:00,Cuiabá,Bahia,1,1,1.47,0.32,43%,57%,8,6,6,3,2,3,0,0,12,22,5,5,9,0,18,17,2,5,12,11,,,2,3,370,500,296,425,,,105,109,37,41,0
08.07.2023 14:00,Vasco,Cruzeiro,0,1,1.24,0.48,54%,46%,9,7,1,5,6,2,2,0,16,7,4,6,3,1,30,23,4,1,7,18,,,2,3,489,360,401,274,,,118,99,63,33,-1
03.07.2023 18:00,Goiás,Coritiba,1,2,1.73,0.83,59%,41%,17,13,8,8,6,3,3,2,23,23,7,2,1,1,26,24,6,7,20,24,,,5,8,513,272,421,199,,,153,94,69,35,-1
02.07.2023 16:30,Cuiabá,Santos,3,0,1.36,0.29,49%,51%,14,5,6,2,5,1,3,2,17,8,9,5,1,1,26,36,2,3,7,16,,,0,2,369,412,280,330,,,109,77,46,32,3
02.07.2023 14:00,Athletico-PR,Palmeiras,2,2,4.10,1.41,53%,47%,27,11,6,5,18,4,3,2,12,20,7,2,1,4,18,12,3,4,19,8,0,1,4,2,455,364,378,291,,,119,111,52,29,0
02.07.2023 14:00,Atlético-MG,América-MG,2,2,1.16,3.24,49%,51%,12,22,5,6,2,11,5,5,23,16,4,7,1,3,13,16,4,3,16,19,1,0,3,2,364,441,288,357,,,75,130,29,54,0
02.07.2023 14:00,Botafogo,Vasco,2,0,1.46,0.85,56%,44%,16,10,6,4,5,5,5,1,13,10,4,8,0,1,19,21,4,4,10,14,,,2,5,484,351,407,274,,,129,85,60,39,2
02.07.2023 09:00,Corinthians,Bragantino,0,1,0.52,0.88,42%,58%,12,10,4,5,4,5,4,0,18,20,4,2,5,1,33,21,4,4,15,17,,,3,2,405,552,304,447,,,99,153,35,57,-1
01.07.2023 19:00,Internacional,Cruzeiro,0,0,1.72,0.65,50%,50%,14,9,3,3,9,6,2,0,14,13,2,4,1,1,20,19,3,3,12,15,0,1,6,4,540,461,464,392,,,108,109,72,39,0
01.07.2023 16:30,Bahia,Gremio,1,2,1.30,2.21,50%,50%,17,12,5,6,10,5,2,1,17,20,7,2,0,6,16,25,4,4,21,11,,,3,2,425,470,340,390,,,123,119,41,38,-1
01.07.2023 16:30,Flamengo,Fortaleza,2,0,1.34,1.49,50%,50%,10,15,4,6,4,6,2,3,12,13,5,4,1,2,16,29,6,2,12,14,,,2,0,554,357,476,293,,,133,98,50,43,2
01.07.2023 14:00,Sao Paulo,Fluminense,1,0,0.87,0.12,50%,50%,20,4,4,2,10,1,6,1,8,17,13,2,2,1,20,24,2,3,16,7,0,1,2,2,496,423,427,355,,,128,91,63,18,1
26.06.2023 19:00,Vasco,Cuiabá,1,0,1.92,0.46,48%,52%,8,12,2,3,4,5,2,4,17,20,4,6,3,5,22,17,3,1,18,13,,,5,3,383,446,317,361,,,99,126,51,41,1
25.06.2023 16:30,América-MG,Internacional,1,2,1.32,1.15,41%,59%,12,7,4,2,4,2,4,3,7,23,3,2,0,1,15,16,0,3,25,6,,,2,1,338,539,247,453,,,93,121,71,43,-1
25.06.2023 16:30,Bragantino,Goiás,2,0,1.72,0.20,58%,42%,20,4,6,0,10,2,4,2,29,18,10,4,0,6,23,25,0,4,17,24,,,2,2,487,307,404,236,,,116,73,60,20,2
25.06.2023 16:30,Santos,Flamengo,2,3,1.64,0.95,38%,62%,12,10,5,4,5,3,2,3,12,15,2,7,1,1,10,24,2,3,14,11,,,2,1,346,722,291,635,,,75,175,20,89,-1
25.06.2023 14:00,Gremio,Coritiba,5,1,3.36,1.23,48%,52%,18,16,9,7,7,7,2,2,20,13,8,5,2,4,21,20,6,4,10,16,0,1,2,4,377,379,298,307,,,96,116,47,33,4
25.06.2023 14:00,Palmeiras,Botafogo,0,1,2.70,0.71,56%,44%,12,5,5,2,4,3,3,0,13,20,12,1,4,1,29,16,1,5,17,12,,,0,3,539,291,437,212,,,140,72,80,24,-1
24.06.2023 19:00,Cruzeiro,Sao Paulo,1,0,0.96,0.94,36%,64%,6,13,0,7,5,3,1,3,23,15,6,5,1,8,15,21,7,0,14,15,,,1,3,271,651,195,579,,,78,129,52,68,1
24.06.2023 16:30,Fluminense,Bahia,2,1,2.57,1.13,51%,49%,17,13,10,3,7,9,0,1,9,12,9,10,2,0,19,17,2,8,9,11,1,0,1,0,457,479,384,398,,,120,97,43,53,1
24.06.2023 16:30,Fortaleza,Atlético-MG,2,1,0.72,1.02,43%,57%,10,17,3,4,2,11,5,2,11,10,3,8,1,1,13,15,3,1,10,12,0,1,1,1,412,597,350,525,,,103,117,27,35,1
24.06.2023 14:00,Athletico-PR,Corinthians,1,0,3.06,0.75,43%,57%,24,11,6,2,9,5,9,4,11,24,5,5,1,2,13,22,2,5,25,10,,,5,2,321,584,254,496,,,98,107,48,60,1
22.06.2023 19:30,Bragantino,Flamengo,4,0,3.32,0.65,54%,46%,30,6,12,0,9,6,9,0,7,4,17,2,2,2,22,21,0,8,2,5,,,,,531,353,441,275,,,156,67,85,30,4
22.06.2023 18:00,Coritiba,Internacional,0,1,1.75,0.85,48%,52%,15,5,3,4,10,0,2,1,18,24,10,5,1,6,15,33,3,3,22,14,,,2,4,391,384,313,307,,,104,106,37,25,-1
22.06.2023 18:00,Cuiabá,Botafogo,0,1,1.24,0.76,51%,49%,23,5,8,3,10,1,5,1,16,10,6,2,2,2,12,24,2,8,10,13,,,2,2,494,485,420,393,,,121,115,60,37,-1
22.06.2023 18:00,Vasco,Goiás,0,1,2.07,0.39,58%,42%,18,7,5,1,7,4,6,2,22,22,8,2,4,3,22,14,0,5,19,24,,,2,3,581,352,500,285,,,163,85,75,32,-1
22.06.2023 17:00,Gremio,América-MG,3,1,1.98,0.70,63%,37%,20,8,9,2,10,3,1,3,15,12,10,2,2,1,24,18,1,6,10,11,0,1,0,3,652,282,548,197,,,170,77,110,28,2
21.06.2023 19:30,Bahia,Palmeiras,1,0,0.75,0.93,47%,53%,6,9,3,1,2,7,1,1,22,22,6,8,6,7,18,17,1,2,18,16,,,4,3,399,448,319,363,,,110,116,56,37,1
21.06.2023 19:30,Fluminense,Atlético-MG,1,1,0.51,1.26,49%,51%,10,14,4,6,4,5,2,3,20,24,3,5,5,0,13,23,5,3,20,19,,,2,4,418,426,357,346,,,93,88,26,42,0
21.06.2023 18:00,Santos,Corinthians,0,2,1.06,1.26,50%,50%,12,10,4,4,5,5,3,1,15,17,5,2,0,1,21,18,2,4,17,14,,,2,4,426,439,360,366,,,120,75,51,26,-2
21.06.2023 17:00,Cruzeiro,Fortaleza,0,1,1.35,1.84,68%,32%,12,10,3,2,5,4,4,4,20,8,5,2,1,7,25,17,1,3,9,12,,,4,4,559,269,470,177,,,172,76,54,29,-1
21.06.2023 17:00,Sao Paulo,Athletico-PR,2,1,0.57,1.16,56%,44%,8,14,5,5,2,6,1,3,13,18,4,4,3,2,19,23,4,3,15,11,,,3,2,478,365,393,303,,,116,86,36,37,1
11.06.2023 16:30,Flamengo,Gremio,3,0,1.28,1.90,57%,43%,15,22,4,8,9,10,2,4,17,20,3,7,1,1,17,20,8,1,20,17,,,0,3,471,441,400,362,,,126,106,45,72,3
11.06.2023 16:30,Goiás,Fluminense,2,2,2.62,1.07,43%,57%,22,10,9,3,10,4,3,3,22,19,6,7,5,1,19,19,1,7,15,22,,,3,3,347,488,274,420,,,86,95,47,49,0
11.06.2023 14:00,Internacional,Vasco,2,1,1.78,0.89,45%,55%,12,14,3,4,7,6,2,4,25,13,7,6,0,4,15,17,3,1,13,21,,,2,3,417,492,350,423,,,90,104,48,35,1
11.06.2023 14:00,Sao Paulo,Palmeiras,0,2,1.24,0.70,60%,40%,24,9,6,4,6,2,12,3,17,14,8,3,0,2,22,14,2,6,15,17,1,0,4,1,615,304,529,243,,,140,63,72,26,-2
11.06.2023 09:00,América-MG,Athletico-PR,2,2,1.88,0.82,49%,51%,19,8,12,4,4,3,3,1,10,20,7,3,1,1,20,30,2,10,19,9,,,2,4,383,367,310,264,,,126,99,43,32,0
10.06.2023 19:00,Botafogo,Fortaleza,2,0,3.39,0.40,51%,49%,21,9,10,3,9,4,2,2,15,14,7,3,1,4,19,21,3,8,16,11,,,3,3,502,432,432,350,,,124,106,53,19,2
10.06.2023 16:30,Atlético-MG,Bragantino,1,1,1.92,0.54,56%,44%,15,7,6,3,4,0,5,4,14,11,7,2,5,1,23,19,2,5,8,14,,,2,3,561,360,460,263,,,146,146,61,32,0
10.06.2023 16:30,Bahia,Cruzeiro,2,2,1.32,2.31,47%,53%,13,15,5,7,4,5,4,3,8,22,6,5,8,5,23,14,5,3,15,9,,,5,1,413,465,335,386,,,109,112,47,28,0
10.06.2023 16:30,Corinthians,Cuiabá,1,1,1.44,0.82,57%,43%,21,10,7,2,12,6,2,2,15,10,8,6,1,1,21,13,1,6,11,13,,,2,3,576,343,490,271,,,132,94,64,26,0
10.06.2023 14:00,Coritiba,Santos,0,0,1.23,0.68,46%,54%,16,7,6,3,7,2,3,2,20,19,8,3,4,3,29,25,3,6,15,18,0,1,3,2,369,397,288,325,,,119,94,56,27,0
05.06.2023 18:00,Vasco,Flamengo,1,4,1.70,0.73,41%,59%,13,10,5,5,7,4,1,1,17,14,4,0,2,0,19,16,1,4,13,17,,,2,0,414,556,337,489,,,123,97,51,29,-3
04.06.2023 16:30,Goiás,Cuiabá,0,1,0.39,1.27,52%,48%,10,15,3,8,5,4,2,3,15,21,4,5,2,1,22,16,7,3,19,14,,,2,3,454,387,363,310,,,116,94,65,55,-1
04.06.2023 16:30,Palmeiras,Coritiba,3,1,2.58,0.84,53%,47%,21,7,8,4,5,3,8,0,12,17,11,6,3,0,23,18,3,5,15,14,,,4,5,487,444,414,382,,,116,93,63,36,2
04.06.2023 14:00,Fluminense,Bragantino,2,1,1.21,0.50,51%,49%,12,17,4,5,5,8,3,4,13,11,6,7,2,1,20,17,4,2,12,12,,,5,2,421,432,345,341,,,95,109,63,49,1
04.06.2023 14:00,Gremio,Sao Paulo,2,1,2.12,1.21,41%,59%,20,14,6,3,7,8,7,3,13,10,7,8,3,2,13,19,2,4,8,12,,,2,1,375,569,300,472,,,90,131,48,54,1
03.06.2023 19:00,Santos,Internacional,1,1,1.60,0.81,55%,45%,18,8,5,3,10,3,3,2,13,17,5,5,0,0,22,7,2,4,19,12,,,2,4,514,394,432,315,,,160,95,60,34,0
03.06.2023 16:30,América-MG,Corinthians,2,0,1.33,1.21,38%,62%,13,6,6,2,3,2,4,2,14,16,2,3,1,0,16,30,2,4,15,13,,,1,0,286,683,203,587,,,109,144,41,46,2
03.06.2023 16:30,Athletico-PR,Botafogo,1,0,0.83,0.61,48%,52%,16,10,7,4,7,5,2,1,13,19,6,7,3,0,29,16,4,6,15,12,,,3,1,407,420,329,353,,,111,88,36,35,1
03.06.2023 16:30,Cruzeiro,Atlético-MG,0,1,1.98,0.64,56%,44%,18,7,6,3,9,3,3,1,27,22,12,4,3,5,19,20,2,6,19,21,,,6,5,463,265,374,188,,,131,64,64,22,-1
03.06.2023 14:00,Fortaleza,Bahia,0,0,0.67,0.28,49%,51%,9,7,2,2,5,4,2,1,10,19,8,4,3,3,23,13,2,2,17,9,,,2,3,436,381,344,304,17,13,130,92,43,26,0
28.05.2023 17:00,Botafogo,América-MG,2,0,2.33,0.26,59%,41%,16,4,5,1,7,2,4,1,14,12,7,0,2,3,18,23,1,3,9,11,,,2,3,501,391,431,305,,,113,124,49,34,2
28.05.2023 16:30,Atlético-MG,Palmeiras,1,1,0.82,1.30,49%,51%,9,12,4,2,4,5,1,5,18,27,3,3,0,3,17,20,1,3,27,15,,,3,3,483,359,401,294,,,125,98,41,30,0
28.05.2023 16:30,Bragantino,Santos,2,0,1.19,0.29,60%,40%,16,8,9,1,5,6,2,1,14,16,5,4,3,5,42,32,1,7,13,9,,,2,1,517,336,408,249,,,146,81,64,20,2
28.05.2023 14:00,Corinthians,Fluminense,2,0,1.22,1.10,30%,70%,13,22,4,7,8,10,1,5,8,18,7,6,2,3,11,21,7,2,18,6,,,4,2,319,707,249,643,,,58,155,31,71,2
28.05.2023 14:00,Internacional,Bahia,2,0,0.24,1.20,44%,56%,7,9,2,4,2,5,3,0,15,14,2,6,3,0,14,20,4,0,10,13,,,1,2,429,533,360,448,,,110,124,27,48,2
27.05.2023 19:00,Sao Paulo,Goiás,2,1,0.78,0.30,63%,37%,16,6,6,4,8,1,2,1,18,15,11,5,3,1,9,17,3,4,12,16,,,2,4,615,309,548,241,,,124,75,63,25,1
27.05.2023 16:30,Cuiabá,Coritiba,1,1,0.70,0.83,48%,52%,9,6,3,1,5,4,1,1,12,7,2,6,0,3,16,25,0,2,8,13,,,3,5,399,552,315,464,,,132,123,41,29,0
27.05.2023 16:30,Flamengo,Cruzeiro,1,1,2.08,1.09,66%,34%,13,17,2,6,8,9,3,2,15,10,2,1,5,3,23,18,5,1,13,17,,,4,5,611,402,544,334,,,144,92,73,40,0
27.05.2023 14:00,Athletico-PR,Gremio,1,2,1.13,0.83,66%,34%,16,10,4,4,9,5,3,1,17,15,10,5,1,1,29,13,2,3,14,15,,,2,4,578,266,491,189,,,147,96,70,26,-1
27.05.2023 14:00,Fortaleza,Vasco,2,0,1.63,0.56,57%,43%,13,11,6,1,5,2,2,8,18,11,8,5,3,3,14,19,1,4,11,15,,,3,1,391,404,317,335,,,104,99,50,39,2
22.05.2023 18:00,Cruzeiro,Cuiabá,0,1,1.33,1.18,59%,41%,15,15,8,2,7,9,0,4,15,21,6,2,5,2,28,24,1,8,15,14,,,1,3,491,245,403,179,,,152,100,69,31,-1
21.05.2023 16:30,Gremio,Internacional,3,1,1.21,1.55,36%,64%,13,21,6,4,5,11,2,6,15,15,3,7,1,1,25,20,3,3,14,15,1,0,2,1,219,535,142,460,,,83,131,48,53,2
21.05.2023 14:00,Flamengo,Corinthians,1,0,0.56,0.92,60%,40%,10,12,3,3,4,9,3,0,14,9,6,9,0,2,16,14,3,2,9,13,,,0,2,609,344,560,279,,,153,70,74,35,1
20.05.2023 19:00,Santos,Palmeiras,0,0,0.39,0.45,41%,59%,12,9,4,1,6,4,2,4,13,16,3,4,0,3,20,23,1,4,15,11,,,3,1,307,516,221,444,,,102,129,46,40,0
20.05.2023 16:30,América-MG,Fortaleza,2,1,0.50,1.04,32%,68%,8,14,2,6,4,4,2,4,8,15,1,2,0,1,16,20,5,0,15,7,,,4,2,235,673,166,586,,,66,122,46,105,1
20.05.2023 16:30,Botafogo,Fluminense,1,0,1.60,0.83,41%,59%,20,2,7,0,7,1,6,1,14,26,7,4,2,1,20,15,0,6,25,14,,,4,2,289,488,234,430,,,89,187,29,75,1
20.05.2023 16:30,Bragantino,Athletico-PR,2,0,1.64,1.04,57%,43%,13,16,4,5,7,8,2,3,15,22,6,5,2,3,17,23,5,2,17,10,,,2,3,404,260,334,196,,,104,72,46,40,2
20.05.2023 16:30,Coritiba,Atlético-MG,1,2,1.00,1.55,36%,64%,9,17,4,7,5,5,0,5,16,20,5,7,1,0,19,18,5,3,19,16,1,1,5,8,256,513,199,439,,,89,129,37,56,-1
20.05.2023 16:30,Sao Paulo,Vasco,4,2,2.17,0.93,51%,49%,14,17,7,6,5,7,2,4,16,10,3,9,0,1,24,24,4,3,9,16,,,0,4,439,406,378,330,,,88,115,35,59,2
20.05.2023 14:00,Bahia,Goiás,1,1,2.17,0.88,51%,49%,22,12,4,5,11,5,7,2,17,18,4,6,1,6,19,26,4,3,19,13,,,1,3,420,411,349,337,,,124,105,62,40,0
14.05.2023 16:30,América-MG,Cruzeiro,0,4,1.16,2.71,48%,52%,15,16,2,8,10,6,3,2,17,14,5,6,5,3,14,19,4,2,10,17,,,2,0,368,419,287,336,,,113,123,53,45,-4
14.05.2023 16:30,Athletico-PR,Coritiba,3,2,2.93,0.30,63%,37%,24,7,7,3,15,3,2,1,13,12,4,1,1,1,29,23,1,4,10,12,,,3,3,603,290,507,203,,,179,90,66,30,1
14.05.2023 16:30,Goiás,Botafogo,2,1,2.01,1.42,48%,52%,5,15,4,2,1,10,0,3,20,23,4,7,2,2,21,25,1,2,22,17,,,6,3,342,419,274,327,,,85,103,48,63,1
14.05.2023 14:00,Corinthians,Sao Paulo,1,1,0.94,0.82,37%,63%,7,6,3,1,4,2,0,3,15,12,5,4,0,2,22,20,0,2,15,17,,,2,4,370,694,300,618,,,75,144,57,48,0
14.05.2023 14:00,Gremio,Fortaleza,0,0,0.75,0.68,52%,48%,16,15,6,5,6,7,4,3,19,24,9,4,1,1,21,14,5,6,22,22,,,3,4,506,369,415,292,,,135,95,69,37,0
14.05.2023 14:00,Vasco,Santos,0,1,1.33,0.61,61%,39%,21,6,9,1,9,4,3,1,15,15,13,1,0,3,28,24,0,9,15,12,,,4,1,547,252,449,179,,,156,68,91,25,-1
13.05.2023 19:00,Atlético-MG,Internacional,2,0,1.40,0.28,55%,45%,13,5,4,4,7,1,2,0,11,14,3,3,0,2,18,19,4,2,14,8,,,2,3,490,428,406,347,,,119,108,33,43,2
13.05.2023 16:30,Fluminense,Cuiabá,2,0,0.89,1.00,58%,42%,7,11,2,2,5,4,0,5,14,12,7,3,0,4,14,15,2,0,12,10,,,3,4,632,389,557,318,,,93,109,38,48,2
13.05.2023 16:30,Palmeiras,Bragantino,1,1,1.41,1.27,56%,44%,21,8,6,3,9,4,6,1,20,15,15,6,3,2,15,20,2,5,12,18,,,1,4,438,340,359,265,,,113,98,72,30,0
13.05.2023 14:00,Bahia,Flamengo,2,3,0.95,2.44,51%,49%,21,14,7,5,13,7,1,2,18,15,10,4,0,5,18,8,2,5,14,13,2,0,8,5,434,376,369,331,,,103,86,65,40,-1
11.05.2023 18:00,Fortaleza,Sao Paulo,0,0,0.96,0.69,42%,58%,12,11,3,1,7,5,2,5,18,12,4,10,3,1,16,17,1,3,10,17,1,1,2,5,387,515,313,438,,,97,107,41,37,0
11.05.2023 17:30,Botafogo,Corinthians,3,0,2.71,0.60,50%,50%,16,11,6,4,5,3,5,4,4,12,3,3,1,0,12,16,4,3,11,4,,,1,2,600,551,546,479,,,109,124,50,41,3
11.05.2023 17:00,Coritiba,Vasco,1,1,0.71,0.67,40%,60%,10,7,6,2,4,4,0,1,19,21,5,5,1,3,17,24,2,5,20,16,,,2,1,310,532,233,442,,,94,144,29,55,0
10.05.2023 19:30,Cruzeiro,Fluminense,0,2,2.20,1.40,49%,51%,27,10,7,6,15,3,5,1,13,14,16,3,1,3,18,19,4,7,14,9,0,1,1,5,453,472,376,415,,,114,54,90,31,-2
10.05.2023 19:30,Palmeiras,Gremio,4,1,4.78,0.08,61%,39%,25,3,10,2,12,1,3,0,11,8,7,4,2,0,24,13,1,6,10,12,,,2,4,596,411,524,341,,,107,79,45,23,3
10.05.2023 18:00,Cuiabá,Atlético-MG,0,4,0.30,2.32,45%,55%,7,9,1,7,5,1,1,1,17,10,6,1,0,1,14,12,3,1,11,17,,,1,2,481,543,389,484,,,83,72,35,19,-4
10.05.2023 18:00,Flamengo,Goiás,2,0,2.45,0.66,57%,43%,20,14,6,6,11,6,3,2,9,23,8,7,1,1,15,18,6,4,22,8,,,0,1,576,451,513,374,,,90,72,66,20,2
10.05.2023 17:00,Bragantino,América-MG,2,2,1.52,2.04,58%,42%,21,9,10,3,5,3,6,3,19,16,5,4,3,2,23,16,1,8,14,17,,,5,3,450,275,351,190,,,145,61,72,27,0
10.05.2023 17:00,Internacional,Athletico-PR,0,2,1.09,1.55,47%,53%,11,14,2,5,7,4,2,5,13,13,4,3,2,2,30,17,3,2,11,10,,,2,4,432,537,363,446,,,82,104,48,53,-2
10.05.2023 17:00,Santos,Bahia,3,0,1.94,1.11,44%,56%,13,13,9,2,4,8,0,3,14,24,1,4,5,0,19,27,2,6,19,13,,,3,4,381,559,312,481,,,87,125,27,36,3
08.05.2023 18:00,Corinthians,Fortaleza,1,1,1.06,1.04,48%,52%,19,16,8,1,9,7,2,8,11,9,5,5,3,2,19,12,0,7,6,9,,,2,2,496,524,432,472,,,131,130,109,91,0
07.05.2023 16:30,Botafogo,Atlético-MG,2,0,2.23,0.46,39%,61%,20,10,7,1,9,6,4,3,11,14,5,9,0,4,16,25,1,5,13,8,,,1,3,348,525,278,441,,,77,102,45,38,2
07.05.2023 16:30,Goiás,Palmeiras,0,5,0.83,2.22,45%,55%,13,15,4,7,6,6,3,2,29,14,4,6,1,1,15,12,2,4,13,28,1,0,2,6,408,557,343,496,,,87,101,31,49,-5
07.05.2023 16:30,Gremio,Bragantino,3,3,1.87,1.55,43%,57%,10,22,3,8,4,7,3,7,21,12,4,7,3,2,19,31,5,0,9,19,,,5,2,336,454,249,341,,,80,128,28,66,0
07.05.2023 14:00,Athletico-PR,Flamengo,2,1,1.16,1.26,40%,60%,11,14,5,4,4,3,2,7,10,17,2,8,2,0,19,16,3,3,15,12,,,2,2,347,543,277,449,,,67,124,43,67,1
07.05.2023 14:00,Bahia,Coritiba,3,1,0.99,0.34,51%,49%,13,11,5,5,5,3,3,3,27,25,3,5,1,2,13,26,4,2,28,24,,,2,7,425,390,340,305,,,105,136,52,28,2
07.05.2023 14:00,Sao Paulo,Internacional,2,0,1.94,0.83,44%,56%,6,12,4,4,1,4,1,4,11,15,4,9,2,3,20,38,4,2,16,8,,,3,4,384,530,319,456,,,85,115,33,51,2
07.05.2023 09:00,América-MG,Cuiabá,1,2,1.53,0.52,49%,51%,13,8,4,5,6,2,3,1,15,20,4,6,5,1,10,16,3,3,19,12,1,0,3,4,400,473,324,379,,,129,110,64,52,-1
06.05.2023 19:00,Fluminense,Vasco,1,1,1.77,0.67,70%,30%,24,8,8,1,11,5,5,2,19,13,9,1,1,1,23,14,0,7,12,19,,,3,3,723,197,615,137,,,172,47,115,19,0
06.05.2023 14:00,Cruzeiro,Santos,2,1,1.45,1.22,53%,47%,10,8,3,3,6,5,1,0,20,17,4,4,0,5,27,25,2,1,17,14,,,6,3,494,423,405,330,,,129,93,44,53,1
01.05.2023 18:00,Vasco,Bahia,0,1,0.84,1.36,55%,45%,17,11,7,6,10,5,,,,,7,6,4,1,,,5,7,20,17,,,1,4,,,,,,,124,80,46,45,-1
30.04.2023 16:30,Cuiabá,Gremio,1,2,1.34,1.66,51%,49%,16,11,5,5,11,6,,,,,7,5,2,2,,,3,4,14,12,1,0,5,5,,,,,,,117,92,72,44,-1
30.04.2023 16:30,Internacional,Goiás,1,0,0.94,0.72,58%,42%,18,16,8,3,10,13,,,,,8,11,1,4,,,3,7,16,10,0,1,4,2,,,,,,,91,96,57,48,1
30.04.2023 14:00,Flamengo,Botafogo,2,3,3.14,2.03,74%,26%,25,13,11,6,14,7,,,,,7,2,4,1,,,3,9,11,10,0,1,4,4,,,,,,,150,58,87,26,-1
29.04.2023 19:00,Atlético-MG,Athletico-PR,2,1,1.97,0.49,60%,40%,18,8,7,3,11,5,,,,,1,5,1,2,,,2,5,12,11,0,1,3,2,,,,,,,127,84,48,33,1
29.04.2023 16:30,Bragantino,Cruzeiro,0,3,1.12,2.08,45%,55%,12,19,5,5,7,14,,,,,5,9,1,4,,,2,5,18,7,2,0,5,3,,,,,,,117,104,44,55,-3
29.04.2023 16:30,Palmeiras,Corinthians,2,1,1.23,0.42,54%,46%,21,10,6,3,15,7,,,,,12,3,0,1,,,2,4,20,14,,,3,3,,,,,,,114,104,66,39,1
29.04.2023 16:30,Santos,América-MG,3,2,1.52,1.41,44%,56%,11,19,6,7,5,12,,,,,2,6,0,1,,,5,3,15,14,1,0,3,4,,,,,,,95,127,39,51,1
29.04.2023 14:30,Coritiba,Sao Paulo,1,1,0.41,0.16,40%,60%,17,21,4,7,13,14,,,,,7,6,2,2,,,6,3,15,13,,,4,1,,,,,,,82,134,47,37,0
29.04.2023 14:30,Fortaleza,Fluminense,4,2,4.88,1.56,30%,70%,19,11,15,3,4,8,,,,,8,5,1,1,,,1,11,7,15,,,0,3,,,,,,,70,128,38,71,2
24.04.2023 18:00,Bahia,Botafogo,1,2,0.97,0.21,60%,40%,13,5,5,3,3,2,5,0,13,15,6,3,0,5,18,27,1,4,18,9,,,1,2,540,368,452,289,20,23,127,110,54,30,-1
23.04.2023 17:00,Goiás,Corinthians,3,1,1.06,0.37,51%,49%,18,10,7,2,6,4,5,4,24,25,5,8,4,1,29,21,1,4,21,23,,,5,2,392,396,317,319,12,15,124,72,65,33,2
23.04.2023 16:30,Coritiba,Fortaleza,0,3,0.75,1.69,59%,41%,18,16,7,9,7,4,4,3,12,11,3,7,2,2,24,20,6,7,9,10,,,1,2,496,339,420,268,23,28,120,83,29,43,-3
23.04.2023 14:00,Santos,Atlético-MG,0,0,0.94,1.37,37%,63%,12,15,2,5,5,6,5,4,22,11,9,6,0,1,17,29,5,2,11,21,,,3,3,318,553,247,466,21,20,105,130,38,65,0
23.04.2023 14:00,Vasco,Palmeiras,2,2,1.83,0.81,35%,65%,11,13,3,7,4,5,4,1,14,19,2,5,0,0,25,24,5,1,19,15,,,4,3,257,470,175,378,12,14,88,132,37,53,0
23.04.2023 09:00,Internacional,Flamengo,2,1,1.09,1.78,36%,64%,16,16,4,4,5,8,7,4,16,16,6,2,2,3,15,23,3,2,14,13,,,3,1,310,586,251,515,19,9,87,129,41,51,1
22.04.2023 19:00,Cruzeiro,Gremio,1,0,1.47,0.89,49%,51%,21,11,6,7,9,2,6,2,11,22,11,5,1,3,20,20,7,5,21,8,1,0,6,2,488,511,393,405,17,17,134,109,60,44,1
22.04.2023 16:30,Cuiabá,Bragantino,1,1,1.32,0.96,34%,66%,14,7,3,2,8,4,3,1,23,20,4,5,3,2,25,29,1,2,17,21,,,3,3,246,511,169,411,14,12,86,120,48,50,0
22.04.2023 16:30,Sao Paulo,América-MG,3,0,2.54,1.31,53%,47%,17,22,6,8,8,8,3,6,17,19,3,7,1,3,22,21,8,3,18,12,,,5,3,437,384,366,311,12,11,114,107,38,49,3
22.04.2023 14:00,Fluminense,Athletico-PR,2,0,0.81,0.73,62%,38%,14,10,4,1,6,4,4,5,21,16,10,6,3,1,23,15,1,2,13,20,,,3,3,559,342,491,280,13,15,129,96,62,32,2
16.04.2023 16:30,Gremio,Santos,1,0,1.73,1.36,45%,55%,17,16,6,4,6,8,5,4,16,13,4,11,1,1,16,25,4,5,12,16,0,1,3,4,397,466,304,377,28,25,104,111,51,65,1
16.04.2023 14:00,Corinthians,Cruzeiro,2,1,1.69,0.54,41%,59%,12,8,7,2,4,3,1,3,13,15,7,4,4,2,14,30,1,5,14,12,,,4,2,406,576,316,491,21,14,84,139,36,41,1
16.04.2023 14:00,Flamengo,Coritiba,3,0,1.51,0.39,59%,41%,15,10,7,3,5,2,3,5,17,21,6,3,1,2,19,21,3,4,20,17,,,3,3,542,379,480,323,25,28,147,96,82,26,3
15.04.2023 19:00,Atlético-MG,Vasco,1,2,,,75%,25%,26,7,10,3,7,1,9,3,12,17,14,3,2,2,21,15,1,9,15,10,,,6,5,602,203,529,135,19,25,145,73,73,20,-1
15.04.2023 16:30,Athletico-PR,Goiás,2,0,,,43%,57%,11,16,3,2,4,8,4,6,19,19,3,8,1,1,18,24,2,1,19,18,,,2,3,369,480,289,397,16,12,96,120,44,51,2
15.04.2023 16:30,Botafogo,Sao Paulo,2,1,,,32%,68%,12,16,3,8,5,6,4,2,14,22,3,7,2,1,19,10,7,1,20,13,,,3,2,293,646,229,574,10,16,85,122,57,41,1
15.04.2023 16:30,Bragantino,Bahia,2,1,,,56%,44%,13,9,7,3,4,5,2,1,15,22,4,7,2,3,26,36,2,5,20,13,,,3,1,436,343,339,248,26,11,127,87,54,39,1
15.04.2023 16:30,Fortaleza,Internacional,1,1,,,47%,53%,24,11,6,6,7,5,11,0,14,17,5,1,1,2,24,17,5,5,18,13,,,2,1,398,474,319,379,17,19,126,110,73,30,0
15.04.2023 14:00,América-MG,Fluminense,0,3,1.14,3.26,46%,54%,17,15,2,8,9,3,6,4,12,25,11,1,2,3,15,13,5,2,25,9,,,3,2,336,442,267,364,18,14,114,56,95,22,-3
15.04.2023 14:00,Palmeiras,Cuiabá,2,1,2.88,0.72,52%,48%,17,12,5,4,7,6,5,2,14,25,4,4,3,2,25,18,3,3,23,12,0,1,2,5,455,426,382,337,17,16,111,112,73,41,1
